<?xml version="1.0" encoding="UTF-8" ?>
<XMLDB PATH="blocks/resetviews/db" VERSION="2023022200" COMMENT="XMLDB file for Moodle blocks/recentlyaccesseditemsresetviews"
    xmlns:xsi="http://www.w3.org/2001/XMLSchema-instance"
    xsi:noNamespaceSchemaLocation="../../../lib/xmldb/xmldb.xsd"
>
  <TABLES>
    <TABLE NAME="block_resetviews" COMMENT="value added to specific user and course module to increase view limit for this user">
      <FIELDS>
        <FIELD NAME="id" TYPE="int" LENGTH="10" NOTNULL="true" SEQUENCE="true"/>
        <FIELD NAME="cmid" TYPE="int" LENGTH="10" NOTNULL="true" SEQUENCE="false" COMMENT="Item course module id"/>
        <FIELD NAME="userid" TYPE="int" LENGTH="10" NOTNULL="true" SEQUENCE="false" COMMENT="User id that accessed the item"/>
        <FIELD NAME="value" TYPE="int" LENGTH="10" NOTNULL="true" SEQUENCE="false" COMMENT="integer value to increase view limit"/>
      </FIELDS>
      <KEYS>
        <KEY NAME="primary" TYPE="primary" FIELDS="id"/>
        <KEY NAME="userid" TYPE="foreign" FIELDS="userid" REFTABLE="user" REFFIELDS="id"/>
        <KEY NAME="cmid" TYPE="foreign" FIELDS="cmid" REFTABLE="course_modules" REFFIELDS="id"/>
      </KEYS>
      <INDEXES>
        <INDEX NAME="userid-cmid" UNIQUE="true" FIELDS="userid, cmid"/>
      </INDEXES>
    </TABLE>
  </TABLES>
</XMLDB>
